{
  "users": [
    {
      "fist_name": "TAHASILDAR",
      "last_name": "YADAV",
      "profile": "PHP Developer",
      "username": "tahasildar12",
      "email": "tahasildar@machstatz.com",
      "password": "123456",
      "id": 1
    },
    {
      "fist_name": "SANTOSH",
      "last_name": "DUBEY",
      "profile": "Web Developer",
      "username": "santosh05",
      "email": "santosh@machstatz.com",
      "password": "789456",
      "id": 2
    },
    {
      "fist_name": "UMESH",
      "last_name": "PATEL",
      "profile": "Java Developer",
      "username": "umesh07",
      "email": "umesh@machstatz.com",
      "password": "852963",
      "id": 3
    },
    {
      "fist_name": "HARISH ",
      "last_name": "CHANDR PANDEY",
      "profile": "Web Developer",
      "username": "harish96",
      "email": "harish@machstatz.com",
      "password": "951357",
      "id": 4
    },
    {
      "fist_name": "LAL",
      "last_name": "SINGH",
      "profile": "PHP Developer",
      "username": "lal0506",
      "email": "lal.singh@machstatz.com",
      "password": "789654",
      "id": 5
    },
    {
      "fist_name": "NITESH",
      "last_name": "PATEL",
      "profile": "Java Developer",
      "username": "nitesh23",
      "email": "nitesh@machstatz.com",
      "password": "654123",
      "id": 6
    },
    {
      "fist_name": "Premkumar",
      "last_name": "Singh",
      "profile": "PHP Developer",
      "username": "premkumar078",
      "email": "premkumar@machstatz.com",
      "password": "9513246",
      "id": 7
    },
    {
      "fist_name": "RAMESH",
      "last_name": "BHAI BOYA",
      "profile": "React Developer",
      "username": "ramesh654123",
      "email": "",
      "password": "",
      "id": 8
    },
    {
      "fist_name": "ADIL",
      "last_name": "N.MEDHORA",
      "profile": "Web Developer",
      "username": "adil0602",
      "email": "adil@machstatz.com",
      "password": "79456",
      "id": 9
    },
    {
      "fist_name": "MAHENDRA",
      "last_name": "SINGH",
      "profile": "Java Developer",
      "username": "mahendra0604",
      "email": "mahendra@machstatz.com",
      "password": "456321",
      "id": 10
    },
    {
      "fist_name": "VIJAY",
      "last_name": "SHANKAR SINGH",
      "profile": "React Developer",
      "username": "vija098",
      "email": "vijay@machstatz.com",
      "password": "98756",
      "id": 11
    },
    {
      "fist_name": "VINAY",
      "last_name": "KUMAR",
      "profile": "Java Developer",
      "username": "vinay656",
      "email": "vinay@machstatz.com",
      "password": "9856321",
      "id": 12
    },
    {
      "fist_name": "SUKANTAKISHORE",
      "last_name": "MOHANTY",
      "profile": "React Developer",
      "username": "sukant023",
      "email": "sukanta@machstatz.com",
      "password": "987456",
      "id": 13
    },
    {
      "fist_name": "CHETAN",
      "last_name": "PATIL",
      "profile": "Java Developer",
      "username": "chetan045",
      "email": "chetan@machstatz.com",
      "password": "654123",
      "id": 14
    },
    {
      "fist_name": "SATISH",
      "last_name": "CHANDRA",
      "profile": "PHP Developer",
      "username": "satish0405",
      "email": "satish@machstatz.com",
      "password": "789456",
      "id": 15
    },
    {
      "fist_name": "ARVIND",
      "last_name": "KUMAR",
      "profile": "Web Developer",
      "username": "arvind040506",
      "email": "arvind@machstatz.com",
      "password": "79846",
      "id": 16
    }
  ]
}